Company Name,Website,Email Domain,Industry,Sub-Industry,Employee Count,Revenue,Region,HQ Location,Solution Interest,Lead Source,Contact Role/Title,Tech Stack Signals,Annual Board Meetings,Compliance Certifications,Intent Score,Last Marketing Touch,Lead Owner,Parent Company,Account Tier,SFDC Account ID,Status,Employee_Count_Clean,Revenue_Clean,Region_Clean,Last_Marketing_Touch_Clean,Website_Clean,Tech_Stack_Clean,SFDC_Account_ID_Clean,Lead_Owner_Clean,Intent_Score_Clean,Firmographic_Score,Solution_Fit_Score,Intent_Signals_Score,Tech_Compliance_Score,Total_ICP_Score,ICP_Archetype,Priority_Tier
Luthor Enterprises_528,luthorenterprises_528.com,luthorenterprises_528.com,Financial Services,NGO,"500-1,000",USD 250M,EMEA,"Dublin, IE",Risk,Inbound,General Counsel,Salesforce,3,"SOX, GDPR",85,2025-02-23,Alex Lee,—,Tier 2,1484872.0,Won,"500-1,000",$250M,EMEA,2025-02-23,luthorenterprises_528.com,Salesforce,1484872.0,Alex Lee,85.0,37,25,13,15,90,Enterprise_Risk_Management,Critical
Clampett Oil_889,clampettoil_889.co,clampettoil_889.net,Financial Services,Fin Serv,1000+,USD 250M,MDO,"San Francisco, USA",Risk,Partner,Board Secretary,Netsuite | SAP | O365,3-4,PCI DSS,85,04/23/25,Chen Wu,,,1184058.0,Won,1000+,$250M,MEA,2025-04-23,clampettoil_889.co,"Netsuite, Sap, O365",1184058.0,Chen Wu,85.0,40,25,13,10,88,Enterprise_Risk_Management,Critical
Zorg Industries_230,zorgindustries_230.com,zorgindustries_230.io,Education,Fin Serv,1000+,$1B,UKI,"Dubai, AE",Risk,Web,Legal Counsel,"Netsuite, Pardot, Workday",5,"GDPR, ISO27001",85,"May 27, 2025",—,Zorg Holdings,MM,1811200.0,Won,1000+,$1000M,UK & Ireland,2025-05-27,zorgindustries_230.com,"Netsuite, Pardot, Workday",1811200.0,—,85.0,33,25,14,15,87,Enterprise_Risk_Management,Critical
Shinra Electric_242,https://www.shinraelectric_242.net,shinraelectric_242.co,Energy,Insurance,1000+,$1B,UKI,"London, UK",Risk,Inbound,Director of Security,Google Workspace; ServiceNow; Pardot; Databricks,4,"ISO27001, HIPAA, PCI DSS",48,"June 15, 2025",TBD,Private Equity HoldCo,Enterprise,1100031.0,Lost,1000+,$1000M,UK & Ireland,2025-06-15,shinraelectric_242.net,"Google Workspace, Servicenow, Pardot, Databricks",1100031.0,Unassigned,48.0,40,22,9,15,86,Enterprise_Risk_Management,Critical
Wonka Tech_653,wonkatech_653.com,wonkatech_653.net,Energy,Semiconductors,"500-1,000",$1B,AMS,Unknown,Compliance,Event,IT Director,SAP | Oracle | Workday | ServiceNow,3-4,"GDPR, None, PCI DSS",85,03/02/25,—,Global Holdings Ltd,Enterprise,1926482.0,Won,"500-1,000",$1000M,Americas,2025-03-02,wonkatech_653.com,"Sap, Oracle, Workday, Servicenow",1926482.0,—,85.0,37,19,15,15,86,Enterprise_Risk_Management,Critical
Sterling Cooper_547,sterlingcooper_547.io,sterlingcooper_547.io,Manufacturing,Utilities,1000+,USD 250M,MDO,Unknown,Boards,Event,Board Secretary,Okta; Teams; SAP,,"ISO27001, GDPR",32,"August 04, 2025",Priya Patel,,Enterprise,1253947.0,Lost,1000+,$250M,MEA,2025-08-04,sterlingcooper_547.io,"Okta, Teams, Sap",1253947.0,Priya Patel,32.0,40,20,10,15,85,Board_Governance,Critical
Stark Industries_740,starkindustries_740.com,starkindustries_740.net,Financial Services,K-12,five hundred,$100M,AMS,Unknown,Boards,Referral,Board Secretary,ServiceNow; HubSpot; Netsuite; ,8,"GDPR, ISO27001, HIPAA",92,2025-06-14,TBD,Global Holdings Ltd,A,1100416.0,Lost,"500-1,000",$100M,Americas,2025-06-14,starkindustries_740.com,"Servicenow, Hubspot, Netsuite",1100416.0,Unassigned,92.0,34,20,16,15,85,Board_Governance,Critical
Tricell Pharma_959,tricellpharma_959.co,tricellpharma_959.io,Financial Services,Semiconductors,1000+,$100M,MDO,"Dubai, AE",Risk,Event,Director of Security,Netsuite; Salesforce; Marketo; Teams,five,"PCI DSS, GDPR",48,03/03/25,,—,B,1677115.0,Open,1000+,$100M,MEA,2025-03-03,tricellpharma_959.co,"Netsuite, Salesforce, Marketo, Teams",1677115.0,Unassigned,48.0,37,22,11,15,85,Enterprise_Risk_Management,Critical
Pied Piper_125,piedpiper_125.io,piedpiper_125.net,Financial Services,Insurance,1000+,$1B,FR,Unknown,Risk,Web,Board Secretary,Google Workspace; Okta; Workday,3,"SOX, ISO27001, PCI DSS",medium,"March 29, 2025",TBD,Pied Holdings,Enterprise,1655858.0,Lost,1000+,$1000M,France,2025-03-29,piedpiper_125.io,"Google Workspace, Okta, Workday",1655858.0,Unassigned,,40,25,4,15,84,Enterprise_Risk_Management,Critical
LexCorp_156,http://lexcorp_156.com,lexcorp_156.io,Financial Services,Pharma,1000+,$100M,UKI,"Berlin, DE",Risk,Inbound,CFO,SFDC | Eloqua | Okta,4,"GDPR, HIPAA, PCI DSS",32,08/24/25,Priya Patel,Private Equity HoldCo,Tier 1,1383982.0,Open,1000+,$100M,UK & Ireland,2025-08-24,lexcorp_156.com,"Sfdc, Eloqua, Okta",1383982.0,Priya Patel,32.0,37,22,10,15,84,Enterprise_Risk_Management,Critical
LexCorp_272,lexcorp_272.net,lexcorp_272.co,Education,Fin Serv,"500-1,000",USD 250M,DACH,"Munich, DE",Risk,Web,General Counsel,Teams | Marketo |  | Salesforce,5,ISO27001,92,2024-12-30,,LexCorp_272 Holdings,A,1514063.0,Lost,"500-1,000",$250M,DACH,2024-12-30,lexcorp_272.net,"Teams, Marketo, Salesforce",1514063.0,Unassigned,92.0,30,25,14,15,84,Enterprise_Risk_Management,Critical
Massive Dynamic_356,massivedynamic_356.net,massivedynamic_356.io,Energy,Semiconductors,1000+,$1B,,NY,Boards,Referral,Legal Counsel,,>5,ISO27001,92,02/06/25,Test User,,Tier 1,1666509.0,Won,1000+,$1000M,Unknown,2025-02-06,massivedynamic_356.net,,1666509.0,Unassigned,92.0,40,20,16,7,83,Board_Governance,Critical
Oscorp_55,oscorp_55.co,oscorp_55.net,Legal,Semiconductors,,USD 250M,MDO,"Dubai, AE",Risk,Event,General Counsel,SFDC | ServiceNow,3,SOX,92,"June 27, 2025",—,—,B,1360419.0,Lost,Unknown,$250M,MEA,2025-06-27,oscorp_55.co,"Sfdc, Servicenow",1360419.0,—,92.0,25,25,17,15,82,Board_Governance,Critical
Clampett Oil_899,clampettoil_899.com,clampettoil_899.co,Government,Banking,200-500,USD 250M,AMS,"Sydney, AU",Compliance,Referral,IT Director,Workday,4,"HIPAA, PCI DSS",92,"April 23, 2025",Priya Patel,,SMB,1716276.0,Open,200-500,$250M,Americas,2025-04-23,clampettoil_899.com,Workday,1716276.0,Priya Patel,92.0,32,19,16,15,82,Board_Governance,Critical
Black Mesa_271,blackmesa_271.co,blackmesa_271.io,Financial Services,Utilities,200-500,USD 250M,FR,"Mumbai, IN",Compliance,Web,Chief Risk Officer,"Eloqua, SFDC, HubSpot",0,"SOX, HIPAA",61,"February 13, 2025",TBD,,SMB,1124864.0,Won,200-500,$250M,France,2025-02-13,blackmesa_271.co,"Eloqua, Sfdc, Hubspot",1124864.0,Unassigned,61.0,35,22,12,12,81,Mid_Market_Compliance,Critical
Hyperion Corp_574,hyperioncorp_574.net,hyperioncorp_574.io,Healthcare,Law Firm,1000+,$1B,UKI,"Munich, DE",Risk,Inbound,General Counsel, | Databricks,five,PCI DSS,17,"April 29, 2025",Alex Lee,Hyperion Holdings,SMB,1781791.0,Lost,1000+,$1000M,UK & Ireland,2025-04-29,hyperioncorp_574.net,Databricks,1781791.0,Alex Lee,17.0,40,25,6,10,81,Enterprise_Risk_Management,Critical
Tyrell Corp_943,tyrellcorp_943.net,tyrellcorp_943.io,Energy,Insurance,200-500,$20M,AMS,NY,Risk,Referral,CFO,Workday; SFDC,3,ISO27001,85,"February 18, 2025",Chen Wu,,C,1100221.0,Won,200-500,$20M,Americas,2025-02-18,tyrellcorp_943.net,"Workday, Sfdc",1100221.0,Chen Wu,85.0,28,22,16,15,81,Enterprise_Risk_Management,Critical
LexCorp_0,lexcorp_0.net,lexcorp_0.com,Financial Services,Higher Ed,approx 800,€20M,EMEA,"San Francisco, USA",Risk,Web,Board Secretary,"Salesforce, Workday",,"PCI DSS, GDPR",48,2025-03-04,TBD,,SMB,1186826.0,Won,"500-1,000",$20M,EMEA,2025-03-04,lexcorp_0.net,"Salesforce, Workday",1186826.0,Unassigned,48.0,30,25,10,15,80,Enterprise_Risk_Management,High
Stark Industries_66,starkindustries_66.com,starkindustries_66.co,Energy,Insurance,50-200,USD 250M,,"Munich, DE",Compliance,Inbound,General Counsel,Okta | Azure AD,4,ISO27001,100,"January 26, 2025",Priya Patel,Stark Holdings,Tier 2,1719817.0,Lost,50-200,$250M,Unknown,2025-01-26,starkindustries_66.com,"Okta, Azure Ad",1719817.0,Priya Patel,100.0,30,22,13,15,80,Mid_Market_Compliance,High
Wonka Tech_104,wonkatech_104.co,wonkatech_104.net,Healthcare,Higher Ed,200-500,USD 250M,MDO,"Toronto, CA",Risk,Web,Head of Compliance,Oracle; ServiceNow; Google Workspace,8,ISO27001,55,"July 16, 2025",Chen Wu,Private Equity HoldCo,Tier 3,1678260.0,Won,200-500,$250M,MEA,2025-07-16,wonkatech_104.co,"Oracle, Servicenow, Google Workspace",1678260.0,Chen Wu,55.0,35,18,12,15,80,Enterprise_Risk_Management,High
Gringotts Bank_164,gringottsbank_164.net,gringottsbank_164.com,Legal,Biotech,500 to 1000,USD 250M,EMEA,"London, UK",Risk,Purchased,General Counsel,"Workday, Oracle, Snowflake",5,"ISO27001, GDPR",medium,2025-02-12,Priya Patel,,Tier 3,,Open,500-1000,$250M,EMEA,2025-02-12,gringottsbank_164.net,"Workday, Oracle, Snowflake",Missing,Priya Patel,,37,25,3,15,80,Board_Governance,High
Virtucon_180,virtucon_180.io,virtucon_180.com,Energy,Law Firm,1000+,$1B,,Unknown,Compliance,Partner,CFO,Okta | ,6,SOX,17,06/14/25,John Smith,Private Equity HoldCo,Enterprise,1997698.0,Won,1000+,$1000M,Unknown,2025-06-14,virtucon_180.io,Okta,1997698.0,John Smith,17.0,40,19,6,15,80,Enterprise_Risk_Management,High
Cyberdyne Systems_385,cyberdynesystems_385.co,cyberdynesystems_385.io,Manufacturing,SaaS,500 to 1000,$1B,UKI,NY,Audit,Referral,General Counsel,HubSpot; Okta,2,,92,2025-08-21,Test User,—,SMB,1335297.0,Lost,500-1000,$1000M,UK & Ireland,2025-08-21,cyberdynesystems_385.co,"Hubspot, Okta",1335297.0,Unassigned,92.0,37,15,20,8,80,Enterprise_Risk_Management,High
Caprica Systems_491,capricasystems_491.io,capricasystems_491.com,Government,Banking,"500-1,000",USD 250M,Unknown,"Dubai, AE",Compliance,Referral,Director of Security,Oracle | Workday | ServiceNow,2,HIPAA,61,"February 02, 2025",,,SMB,1185832.0,Won,"500-1,000",$250M,Unknown,2025-02-02,capricasystems_491.io,"Oracle, Workday, Servicenow",1185832.0,Unassigned,61.0,34,19,14,13,80,Board_Governance,High
Black Mesa_605,blackmesa_605.co,blackmesa_605.net,Technology,Biotech,"500-1,000",$20M,AMS,,Compliance,Referral,General Counsel,Snowflake | Marketo | ServiceNow | ,4,ISO27001,85,06/12/25,TBD,Black Holdings,,1648991.0,Won,"500-1,000",$20M,Americas,2025-06-12,blackmesa_605.co,"Snowflake, Marketo, Servicenow",1648991.0,Unassigned,85.0,27,22,16,15,80,Mid_Market_Compliance,High
Blue Sun Corp_607,bluesuncorp_607.net,bluesuncorp_607.net,Manufacturing,Fin Serv,200-500,"20,000,000 USD",,"Toronto, CA",Risk,Referral,Chief Risk Officer,Pardot; Salesforce; ServiceNow; Workday,3,"HIPAA, GDPR",61,"February 01, 2025",Test User,—,C,1240543.0,Won,200-500,$20M,Unknown,2025-02-01,bluesuncorp_607.net,"Pardot, Salesforce, Servicenow, Workday",1240543.0,Unassigned,61.0,28,25,14,13,80,Enterprise_Risk_Management,High
Zorg Industries_689,zorgindustries_689.net,zorgindustries_689.co,Financial Services,K-12,five hundred,$100M,FR,"Toronto, CA",Compliance,Referral,Legal Counsel,Salesforce | ServiceNow | Teams,1,,92,2025-02-19,,Zorg Holdings,C,1185539.0,Open,"500-1,000",$100M,France,2025-02-19,zorgindustries_689.net,"Salesforce, Servicenow, Teams",1185539.0,Unassigned,92.0,34,22,16,8,80,Mid_Market_Compliance,High
Umbrella Group_44,umbrellagroup_44.net,umbrellagroup_44.io,Legal,Law Firm,500 to 1000,USD 250M,AMS,"Austin, USA",Compliance,Event,Chief Risk Officer,,3,HIPAA,92,"June 04, 2025",Test User,—,Tier 2,1800690.0,Lost,500-1000,$250M,Americas,2025-06-04,umbrellagroup_44.net,,1800690.0,Unassigned,92.0,37,22,15,5,79,Mid_Market_Compliance,High
Blue Sun Corp_68,bluesuncorp_68.com,bluesuncorp_68.net,Technology,Utilities,1000+,"20,000,000 USD",MDO,"Dubai, AE",Boards,Web,Chief Risk Officer,O365 | ServiceNow |  | Okta,1,"HIPAA, PCI DSS",61,07/17/25,TBD,Private Equity HoldCo,,1655315.0,Lost,1000+,$20M,MEA,2025-07-17,bluesuncorp_68.com,"O365, Servicenow, Okta",1655315.0,Unassigned,61.0,30,20,14,15,79,Board_Governance,High
Genco Pura_364,http://gencopura_364.com,gencopura_364.co,Healthcare,K-12,1000+,$100M,FR,"Berlin, DE",Boards,Web,Chief Risk Officer,Salesforce; SAP; SFDC; ,0,,92,2025-05-20,Priya Patel,—,C,1868822.0,Lost,1000+,$100M,France,2025-05-20,gencopura_364.com,"Salesforce, Sap, Sfdc",1868822.0,Priya Patel,92.0,37,20,14,8,79,Enterprise_Risk_Management,High
Hyperion Corp_462,hyperioncorp_462.io,hyperioncorp_462.com,Non-Profit,Insurance,500 to 1000,$100M,DACH,NY,Risk,Purchased,CFO,Salesforce; Teams,2,"GDPR, PCI DSS",92,"August 12, 2025",,—,,1611660.0,Won,500-1000,$100M,DACH,2025-08-12,hyperioncorp_462.io,"Salesforce, Teams",1611660.0,Unassigned,92.0,27,22,15,15,79,Enterprise_Risk_Management,High
Caprica Systems_722,capricasystems_722.net,capricasystems_722.net,Energy,Biotech,"500-1,000",$100M,DACH,"New York, USA",Compliance,Partner,IT Director,Azure AD; Pardot; ServiceNow; ,2,PCI DSS,73,"April 16, 2025",Test User,Global Holdings Ltd,Enterprise,1927812.0,Won,"500-1,000",$100M,DACH,2025-04-16,capricasystems_722.net,"Azure Ad, Pardot, Servicenow",1927812.0,Unassigned,73.0,34,19,11,15,79,Mid_Market_Compliance,High
Blue Sun Corp_995,bluesuncorp_995.net,bluesuncorp_995.com,Healthcare,Pharma,approx 800,USD 250M,APAC,"Dubai, AE",Compliance,Purchased,CFO,Snowflake | Google Workspace |  | Netsuite,0,HIPAA,85,07/06/25,—,,Tier 3,1864927.0,Open,"500-1,000",$250M,APAC,2025-07-06,bluesuncorp_995.net,"Snowflake, Google Workspace, Netsuite",1864927.0,—,85.0,37,19,15,8,79,Mid_Market_Compliance,High
Sirius Ventures_402,siriusventures_402.io,siriusventures_402.com,Energy,Semiconductors,200-500,$1B,DACH,"Dubai, AE",Compliance,Inbound,Chief Risk Officer,Teams | Snowflake | HubSpot,unknown,"PCI DSS, None",48,2025-02-14,—,—,,1333490.0,Won,200-500,$1000M,DACH,2025-02-14,siriusventures_402.io,"Teams, Snowflake, Hubspot",1333490.0,—,48.0,35,22,9,12,78,Enterprise_Risk_Management,High
Prestige Worldwide_453,https://www.prestigeworldwide_453.co,prestigeworldwide_453.co,Legal,Utilities,200-500,$1B,APAC,,Risk,Inbound,Director of Security,"Azure AD, ServiceNow",0,SOX,17,"February 11, 2025",Alex Lee,—,,,Open,200-500,$1000M,APAC,2025-02-11,prestigeworldwide_453.co,"Azure Ad, Servicenow",Missing,Alex Lee,17.0,35,22,6,15,78,Board_Governance,High
Oscorp_681,oscorp_681.net,oscorp_681.co,Healthcare,NGO,200-500,$100M,APAC,"Dublin, IE",Boards,Web,CFO,"Azure AD, Salesforce, Snowflake, ServiceNow",0,SOX,92,2025-03-20,Chen Wu,Oscorp_681 Holdings,C,1314614.0,Won,200-500,$100M,APAC,2025-03-20,oscorp_681.net,"Azure Ad, Salesforce, Snowflake, Servicenow",1314614.0,Chen Wu,92.0,32,17,14,15,78,Board_Governance,High
Hooli_993,hooli_993.com,hooli_993.com,Energy,Semiconductors,1000+,$100M,FR,"Toronto, CA",Risk,Web,CIO,Workday | Salesforce | Marketo | Snowflake,6,HIPAA,55,2025-01-22,,Private Equity HoldCo,Tier 3,1489671.0,Lost,1000+,$100M,France,2025-01-22,hooli_993.com,"Workday, Salesforce, Marketo, Snowflake",1489671.0,Unassigned,55.0,37,18,10,13,78,Enterprise_Risk_Management,High
Dunder Mifflin_320,dundermifflin_320.com,dundermifflin_320.com,Manufacturing,NGO,50-200,$1B,AMS,"San Francisco, USA",Risk,Referral,Chief Risk Officer,Pardot; ServiceNow; Azure AD,0,,61,"June 12, 2025",,Private Equity HoldCo,A,1920433.0,Lost,50-200,$1000M,Americas,2025-06-12,dundermifflin_320.com,"Pardot, Servicenow, Azure Ad",1920433.0,Unassigned,61.0,30,25,14,8,77,Enterprise_Risk_Management,High
Globex Inc_322,globexinc_322.com,globexinc_322.net,Technology,NGO,1000+,USD 250M,MDO,"Paris, FR",Risk,Partner,CFO,,2,HIPAA,100,2025-05-23,,,,1129555.0,Open,1000+,$250M,MEA,2025-05-23,globexinc_322.com,,1129555.0,Unassigned,100.0,37,22,13,5,77,Enterprise_Risk_Management,High
Sirius Ventures_347,siriusventures_347.io,siriusventures_347.com,Non-Profit,SaaS,"500-1,000",$100M,,"San Francisco, USA",Risk,Inbound,VP Finance,SFDC; Salesforce,five,"PCI DSS, HIPAA",85,"August 17, 2025",TBD,,Tier 1,1809331.0,Lost,"500-1,000",$100M,Unknown,2025-08-17,siriusventures_347.io,"Sfdc, Salesforce",1809331.0,Unassigned,85.0,27,18,17,15,77,Enterprise_Risk_Management,High
Clampett Oil_350,clampettoil_350.co,clampettoil_350.com,Financial Services,Semiconductors,500 to 1000,"20,000,000 USD",DACH,,Compliance,Partner,CFO,"Oracle, SAP, ServiceNow",,SOX,85,"March 24, 2025",—,,Tier 3,1357829.0,Lost,500-1000,$20M,DACH,2025-03-24,clampettoil_350.co,"Oracle, Sap, Servicenow",1357829.0,—,85.0,30,19,13,15,77,Mid_Market_Compliance,High
Shinra Electric_584,shinraelectric_584.net,shinraelectric_584.io,Education,Law Firm,1000+,"20,000,000 USD",UKI,"Dubai, AE",Risk,Partner,Legal Counsel,SFDC; ServiceNow; Google Workspace; Oracle,3-4,"PCI DSS, HIPAA",73,02/10/25,Priya Patel,Private Equity HoldCo,A,1713028.0,Open,1000+,$20M,UK & Ireland,2025-02-10,shinraelectric_584.net,"Sfdc, Servicenow, Google Workspace, Oracle",1713028.0,Priya Patel,73.0,26,25,11,15,77,Enterprise_Risk_Management,High
Kronos Group_601,http://kronosgroup_601.net,kronosgroup_601.net,Legal,Banking,1000+,USD 250M,DACH,"London, UK",Compliance,Web,Audit Manager,"Azure AD, Salesforce",4,,100,2025-05-17,Jane Doe,,Enterprise,1100414.0,Won,1000+,$250M,DACH,2025-05-17,kronosgroup_601.net,"Azure Ad, Salesforce",1100414.0,Jane Doe,100.0,40,15,14,8,77,Board_Governance,High
Pied Piper_619,piedpiper_619.io,piedpiper_619.io,Financial Services,K-12,200-500,USD 250M,DACH,,Audit,Event,CFO,"ServiceNow, Salesforce",>5,HIPAA,92,2025-08-05,,Pied Holdings,Enterprise,1411762.0,Won,200-500,$250M,DACH,2025-08-05,piedpiper_619.io,"Servicenow, Salesforce",1411762.0,Unassigned,92.0,35,12,17,13,77,Board_Governance,High
Aperture Labs_637,aperturelabs_637.net,aperturelabs_637.io,Manufacturing,Fin Serv,50-200,USD 250M,UKI,,Boards,Referral,Board Secretary,Teams; ServiceNow; Google Workspace,,"GDPR, HIPAA",61,03/28/25,,—,SMB,1242982.0,Open,50-200,$250M,UK & Ireland,2025-03-28,aperturelabs_637.net,"Teams, Servicenow, Google Workspace",1242982.0,Unassigned,61.0,30,20,14,13,77,Board_Governance,High
Virtucon_720,virtucon_720.com,virtucon_720.net,Financial Services,Utilities,five hundred,€20M,MDO,,Compliance,Purchased,Board Secretary,Databricks,2,PCI DSS,100,08/08/25,—,Private Equity HoldCo,,1827374.0,Open,"500-1,000",$20M,MEA,2025-08-08,virtucon_720.com,Databricks,1827374.0,—,100.0,30,22,15,10,77,Mid_Market_Compliance,High
Kronos Group_925,http://kronosgroup_925.com,kronosgroup_925.io,Legal,Pharma,approx 800,$1B,FR,"San Francisco, USA",Compliance,Partner,Director of Security,Eloqua | Salesforce,1,"HIPAA, SOX",32,03/29/25,—,,A,1883908.0,Won,"500-1,000",$1000M,France,2025-03-29,kronosgroup_925.com,"Eloqua, Salesforce",1883908.0,—,32.0,37,19,6,15,77,Board_Governance,High
Sirius Ventures_946,siriusventures_946.net,siriusventures_946.com,Financial Services,Biotech,1000+,$5M,AMS,"Munich, DE",Compliance,Partner,General Counsel,"Okta, Teams",2,"HIPAA, ISO27001",61,"June 11, 2025",Alex Lee,—,Tier 1,1211856.0,Open,1000+,$5M,Americas,2025-06-11,siriusventures_946.net,"Okta, Teams",1211856.0,Alex Lee,61.0,29,22,11,15,77,Mid_Market_Compliance,High
Paper Street Co_46,paperstreetco_46.com,paperstreetco_46.net,Healthcare,Higher Ed,approx 800,,,"Berlin, DE",Risk,Web,Chief Risk Officer,ServiceNow; Snowflake,3,"PCI DSS, GDPR, None",85,2025-04-29,TBD,,A,1422468.0,Lost,"500-1,000",Unknown,Unknown,2025-04-29,paperstreetco_46.com,"Servicenow, Snowflake",1422468.0,Unassigned,85.0,22,25,14,15,76,Enterprise_Risk_Management,High
Pied Piper_301,piedpiper_301.com,piedpiper_301.net,Technology,Law Firm,"500-1,000",$1B,APAC,NY,Risk,Partner,Board Secretary,Google Workspace,1,"PCI DSS, HIPAA",high,2025-08-21,Jane Doe,,Enterprise,1138884.0,Lost,"500-1,000",$1000M,APAC,2025-08-21,piedpiper_301.com,Google Workspace,1138884.0,Jane Doe,,34,25,7,10,76,Enterprise_Risk_Management,High
Zorg Industries_323,zorgindustries_323.net,zorgindustries_323.net,Government,Fin Serv,"500-1,000",$100M,Unknown,"San Francisco, USA",Risk,Event,Director of Security,"O365, HubSpot, Oracle",0,"None, GDPR, PCI DSS",48,2025-03-22,—,Zorg Holdings,Tier 3,1458482.0,Open,"500-1,000",$100M,Unknown,2025-03-22,zorgindustries_323.net,"O365, Hubspot, Oracle",1458482.0,—,48.0,31,22,11,12,76,Board_Governance,High
Zorg Industries_444,zorgindustries_444.io,zorgindustries_444.net,Energy,NGO,500 to 1000,USD 250M,,"Austin, USA",Audit,Event,CFO,"ServiceNow, Oracle",3,,85,2025-08-23,Priya Patel,Zorg Holdings,C,1910077.0,Lost,500-1000,$250M,Unknown,2025-08-23,zorgindustries_444.io,"Servicenow, Oracle",1910077.0,Priya Patel,85.0,37,12,19,8,76,Enterprise_Risk_Management,High
Shinra Electric_613,https://www.shinraelectric_613.com,shinraelectric_613.net,Financial Services,Higher Ed,five hundred,USD 250M,DACH,"Munich, DE",Audit,Inbound,Legal Counsel,"ServiceNow, Okta",1,SOX,55,"February 15, 2025",,,A,1894601.0,Open,"500-1,000",$250M,DACH,2025-02-15,shinraelectric_613.com,"Servicenow, Okta",1894601.0,Unassigned,55.0,37,15,9,15,76,Enterprise_Risk_Management,High
Goodman Group_697,goodmangroup_697.net,goodmangroup_697.com,Legal,Insurance,1000+,$5M,DACH,,Risk,Web,Board Secretary,"Salesforce, Netsuite",3-4,"PCI DSS, GDPR",17,"December 30, 2024",Alex Lee,,Tier 2,1145949.0,Lost,1000+,$5M,DACH,2024-12-30,goodmangroup_697.net,"Salesforce, Netsuite",1145949.0,Alex Lee,17.0,29,25,7,15,76,Enterprise_Risk_Management,High
Luthor Enterprises_742,luthorenterprises_742.net,luthorenterprises_742.io,Manufacturing,Semiconductors,approx 800,$20M,AMS,"Sydney, AU",Boards,Purchased,Legal Counsel,"O365, Okta, SFDC, ",4,"SOX, ISO27001, HIPAA",73,03/31/25,—,Global Holdings Ltd,Enterprise,1573602.0,Lost,"500-1,000",$20M,Americas,2025-03-31,luthorenterprises_742.net,"O365, Okta, Sfdc",1573602.0,—,73.0,30,20,11,15,76,Mid_Market_Compliance,High
Gekko & Co_754,gekkoco_754.io,gekkoco_754.com,Energy,Insurance,five hundred,$1B,EMEA,"London, UK",Compliance,Web,Legal Counsel,Netsuite,8,,100,"January 31, 2025",,Global Holdings Ltd,Tier 2,1958436.0,Won,"500-1,000",$1000M,EMEA,2025-01-31,gekkoco_754.io,Netsuite,1958436.0,Unassigned,100.0,37,22,14,3,76,Mid_Market_Compliance,High
Oceanic Airlines_27,oceanicairlines_27.co,oceanicairlines_27.com,Manufacturing,Banking,1000+,$20M,UKI,"London, UK",Compliance,Inbound,Chief Risk Officer,Workday; Databricks,five,"ISO27001, SOX",high,"July 01, 2025",John Smith,,B,1681776.0,Won,1000+,$20M,UK & Ireland,2025-07-01,oceanicairlines_27.co,"Workday, Databricks",1681776.0,John Smith,,33,22,5,15,75,Enterprise_Risk_Management,High
Oscorp_116,oscorp_116.net,oscorp_116.co,Healthcare,K-12,five hundred,5000000,,"London, UK",Risk,Purchased,Chief Risk Officer,"Eloqua, Snowflake, Workday",unknown,ISO27001,55,2025-04-09,Alex Lee,Global Holdings Ltd,Tier 1,1821507.0,Lost,"500-1,000",$5M,Unknown,2025-04-09,oscorp_116.net,"Eloqua, Snowflake, Workday",1821507.0,Alex Lee,55.0,26,25,9,15,75,Enterprise_Risk_Management,High
Gotham Transport_379,gothamtransport_379.com,gothamtransport_379.net,Legal,Fin Serv,"500-1,000",$100M,Unknown,Unknown,Risk,Partner,Audit Manager,Netsuite | Okta | Marketo,0,"ISO27001, GDPR, SOX",17,06/26/25,TBD,Private Equity HoldCo,SMB,1867728.0,Lost,"500-1,000",$100M,Unknown,2025-06-26,gothamtransport_379.com,"Netsuite, Okta, Marketo",1867728.0,Unassigned,17.0,34,18,8,15,75,Enterprise_Risk_Management,High
Sirius Ventures_397,siriusventures_397.net,siriusventures_397.io,Healthcare,Industrial,500 to 1000,$1B,Unknown,,Risk,Inbound,CFO,"Salesforce, Databricks",,"HIPAA, None",,"February 25, 2025",Chen Wu,,B,1112442.0,Lost,500-1000,$1000M,Unknown,2025-02-25,siriusventures_397.net,"Salesforce, Databricks",1112442.0,Chen Wu,,37,22,3,13,75,Enterprise_Risk_Management,High
Stark Industries_435,starkindustries_435.co,starkindustries_435.co,Healthcare,Financials,"500-1,000",€20M,MDO,"San Francisco, USA",Compliance,Referral,Board Secretary,Eloqua; Pardot,unknown,ISO27001,32,"July 26, 2025",Priya Patel,—,Enterprise,1541565.0,Won,"500-1,000",$20M,MEA,2025-07-26,starkindustries_435.co,"Eloqua, Pardot",1541565.0,Priya Patel,32.0,30,22,11,12,75,Mid_Market_Compliance,High
Gringotts Bank_476,gringottsbank_476.co,gringottsbank_476.com,Technology,NGO,1000+,unknown,APAC,"Mumbai, IN",Risk,Referral,IT Director,ServiceNow,8,"SOX, HIPAA",85,2025-05-04,Alex Lee,—,Tier 1,1744814.0,Lost,1000+,Unknown,APAC,2025-05-04,gringottsbank_476.co,Servicenow,1744814.0,Alex Lee,85.0,22,22,16,15,75,Enterprise_Risk_Management,High
Hyperion Corp_538,hyperioncorp_538.io,hyperioncorp_538.io,Technology,Law Firm,200-500,$1B,,"Dublin, IE",Audit,Partner,Legal Counsel,ServiceNow,4,"SOX, GDPR, None",85,"April 14, 2025",Chen Wu,Private Equity HoldCo,,1291673.0,Won,200-500,$1000M,Unknown,2025-04-14,hyperioncorp_538.io,Servicenow,1291673.0,Chen Wu,85.0,32,15,13,15,75,Mid_Market_Compliance,High
Monarch Solutions_646,monarchsolutions_646.io,monarchsolutions_646.io,Government,Financials,500 to 1000,USD 250M,MDO,"Mumbai, IN",Risk,Inbound,Legal Counsel,Pardot | Eloqua,0,GDPR,17,2025-05-23,Alex Lee,,Enterprise,1866663.0,Won,500-1000,$250M,MEA,2025-05-23,monarchsolutions_646.io,"Pardot, Eloqua",1866663.0,Alex Lee,17.0,34,25,6,10,75,Enterprise_Risk_Management,High
Kronos Group_10,kronosgroup_10.com,kronosgroup_10.io,Manufacturing,Financials,200-500,$20M,FR,"San Francisco, USA",Compliance,Referral,CFO,,>5,PCI DSS,85,2025-08-19,Test User,,C,1523333.0,Won,200-500,$20M,France,2025-08-19,kronosgroup_10.com,,1523333.0,Unassigned,85.0,28,19,20,7,74,Mid_Market_Compliance,High
Vehement Capital_61,https://www.vehementcapital_61.io,vehementcapital_61.net,Healthcare,SaaS,1000+,USD 250M,EMEA,"Toronto, CA",Risk,Purchased,Audit Manager,"Databricks, HubSpot, Slack",>5,,73,2025-01-01,Test User,Global Holdings Ltd,,1268144.0,Won,1000+,$250M,EMEA,2025-01-01,vehementcapital_61.io,"Databricks, Hubspot, Slack",1268144.0,Unassigned,73.0,40,18,11,5,74,Enterprise_Risk_Management,High
Sirius Ventures_151,siriusventures_151.net,siriusventures_151.co,Healthcare,NGO,50-200,USD 250M,AMS,Unknown,Risk,Referral,Board Secretary,Netsuite,3-4,,100,02/10/25,TBD,—,,1375989.0,Lost,50-200,$250M,Americas,2025-02-10,siriusventures_151.net,Netsuite,1375989.0,Unassigned,100.0,30,25,16,3,74,Enterprise_Risk_Management,High
Kronos Group_157,kronosgroup_157.co,kronosgroup_157.co,Legal,NGO,approx 800,€20M,UKI,"Austin, USA",Risk,Web,Audit Manager,Snowflake | Pardot | O365 | SFDC,6,"PCI DSS, HIPAA",61,2025-08-13,Jane Doe,,C,1226824.0,Lost,"500-1,000",$20M,UK & Ireland,2025-08-13,kronosgroup_157.co,"Snowflake, Pardot, O365, Sfdc",1226824.0,Jane Doe,61.0,30,18,14,12,74,Mid_Market_Compliance,High
Gekko & Co_279,gekkoco_279.net,gekkoco_279.net,Energy,Financials,200-500,"20,000,000 USD",DACH,"Toronto, CA",Compliance,Referral,Chief Risk Officer,Snowflake |  | HubSpot,3,"GDPR, ISO27001, PCI DSS",55,"January 28, 2025",TBD,,Enterprise,1620910.0,Lost,200-500,$20M,DACH,2025-01-28,gekkoco_279.net,"Snowflake, Hubspot",1620910.0,Unassigned,55.0,28,22,12,12,74,Mid_Market_Compliance,High
Luthor Enterprises_334,luthorenterprises_334.io,luthorenterprises_334.co,Financial Services,SaaS,200-500,$20M,,"London, UK",Risk,Web,VP Finance,Eloqua; Pardot; ; HubSpot,,"HIPAA, ISO27001",85,2025-07-17,Test User,Luthor Holdings,MM,1602234.0,Won,200-500,$20M,Unknown,2025-07-17,luthorenterprises_334.io,"Eloqua, Pardot, Hubspot",1602234.0,Unassigned,85.0,28,18,16,12,74,Mid_Market_Compliance,High
Wonka Industries_389,wonkaindustries_389.io,wonkaindustries_389.net,Energy,Utilities,"500-1,000",$100M,UKI,"San Francisco, USA",Compliance,Purchased,IT Director,HubSpot | Pardot,,"HIPAA, ISO27001, GDPR",55,"May 19, 2025",Priya Patel,—,C,1400935.0,Open,"500-1,000",$100M,UK & Ireland,2025-05-19,wonkaindustries_389.io,"Hubspot, Pardot",1400935.0,Priya Patel,55.0,34,19,9,12,74,Mid_Market_Compliance,High
Dunder Mifflin_393,dundermifflin_393.net,dundermifflin_393.net,Manufacturing,Higher Ed,1000+,$20M,APAC,"San Francisco, USA",Compliance,Inbound,Director of Security,,2,"GDPR, ISO27001",100,"July 07, 2025",Chen Wu,—,Enterprise,1980844.0,Won,1000+,$20M,APAC,2025-07-07,dundermifflin_393.net,,1980844.0,Chen Wu,100.0,33,19,15,7,74,Mid_Market_Compliance,High
Atlantic Holdings_470,atlanticholdings_470.co,atlanticholdings_470.com,Technology,Financials,50-200,USD 250M,APAC,"London, UK",Risk,Web,Board Secretary,"SAP, Databricks, Snowflake",3-4,"SOX, HIPAA, PCI DSS",73,2025-05-12,Jane Doe,Global Holdings Ltd,,1997355.0,Won,50-200,$250M,APAC,2025-05-12,atlanticholdings_470.co,"Sap, Databricks, Snowflake",1997355.0,Jane Doe,73.0,27,25,12,10,74,Enterprise_Risk_Management,High
Genco Pura_591,gencopura_591.io,gencopura_591.co,Retail,Biotech,five hundred,$1B,DACH,NY,Risk,Web,Director of Security,"Azure AD, Okta, Oracle",,"GDPR, SOX, None",32,04/19/25,Priya Patel,Global Holdings Ltd,Tier 3,,Lost,"500-1,000",$1000M,DACH,2025-04-19,gencopura_591.io,"Azure Ad, Okta, Oracle",Missing,Priya Patel,32.0,30,22,7,15,74,Enterprise_Risk_Management,High
Caprica Systems_753,capricasystems_753.net,capricasystems_753.io,Manufacturing,Pharma,500 to 1000,USD 250M,MDO,"Paris, FR",Risk,Web,Legal Counsel,Databricks,>5,GDPR,,"January 26, 2025",TBD,—,Tier 3,1447544.0,Open,500-1000,$250M,MEA,2025-01-26,capricasystems_753.net,Databricks,1447544.0,Unassigned,,37,25,4,8,74,Enterprise_Risk_Management,High
Cyberdyne Systems_818,cyberdynesystems_818.io,cyberdynesystems_818.net,Retail,Pharma,"500-1,000",$1B,MDO,"Sydney, AU",Compliance,Event,Chief Risk Officer,ServiceNow | SAP | Slack,8,SOX,low,2025-06-29,Priya Patel,,,1822548.0,Won,"500-1,000",$1000M,MEA,2025-06-29,cyberdynesystems_818.io,"Servicenow, Sap, Slack",1822548.0,Priya Patel,,30,22,7,15,74,Enterprise_Risk_Management,High
Acme Corp_903,http://acmecorp_903.com,acmecorp_903.co,Technology,Biotech,approx 800,$1B,AMS,Unknown,Boards,Event,General Counsel,Netsuite; Pardot; Eloqua; Salesforce,1,PCI DSS,high,"January 26, 2025",—,Private Equity HoldCo,C,1100226.0,Won,"500-1,000",$1000M,Americas,2025-01-26,acmecorp_903.com,"Netsuite, Pardot, Eloqua, Salesforce",1100226.0,—,,34,20,5,15,74,Board_Governance,High
Monarch Solutions_979,monarchsolutions_979.net,monarchsolutions_979.net,Energy,NGO,500 to 1000,$1B,EMEA,Unknown,Boards,Referral,Board Secretary,"SFDC, Salesforce, Marketo, HubSpot",2,,32,"February 13, 2025",Alex Lee,,Tier 3,1759835.0,Won,500-1000,$1000M,EMEA,2025-02-13,monarchsolutions_979.net,"Sfdc, Salesforce, Marketo, Hubspot",1759835.0,Alex Lee,32.0,37,20,9,8,74,Board_Governance,High
Monarch Solutions_17,https://www.monarchsolutions_17.com,monarchsolutions_17.net,Energy,NGO,50-200,$100M,EMEA,"San Francisco, USA",Boards,Web,CFO,"ServiceNow, Snowflake, Databricks",unknown,SOX,100,2025-03-27,—,Global Holdings Ltd,MM,1100024.0,Open,50-200,$100M,EMEA,2025-03-27,monarchsolutions_17.com,"Servicenow, Snowflake, Databricks",1100024.0,—,100.0,27,17,14,15,73,Board_Governance,High
Nakatomi Trading_140,nakatomitrading_140.net,nakatomitrading_140.io,Technology,SaaS,,$1B,MDO,"Austin, USA",Risk,Web,Director of Security,Salesforce | Oracle,,"GDPR, ISO27001",61,06/27/25,Priya Patel,Private Equity HoldCo,Tier 1,1934982.0,Lost,Unknown,$1000M,MEA,2025-06-27,nakatomitrading_140.net,"Salesforce, Oracle",1934982.0,Priya Patel,61.0,22,22,14,15,73,Enterprise_Risk_Management,High
Black Mesa_162,blackmesa_162.com,blackmesa_162.net,Technology,Pharma,1000+,€20M,Unknown,"Munich, DE",Boards,Referral,General Counsel,,,ISO27001,85,2025-06-13,—,—,Enterprise,1353220.0,Open,1000+,$20M,Unknown,2025-06-13,blackmesa_162.com,,1353220.0,—,85.0,30,20,16,7,73,Board_Governance,High
Oscorp_321,oscorp_321.io,oscorp_321.io,Healthcare,Semiconductors,500 to 1000,$5M,DACH,Unknown,Risk,Event,CIO,HubSpot | SAP | O365,8,"SOX, None",85,07/31/25,TBD,,MM,1960755.0,Open,500-1000,$5M,DACH,2025-07-31,oscorp_321.io,"Hubspot, Sap, O365",1960755.0,Unassigned,85.0,26,18,17,12,73,Enterprise_Risk_Management,High
Wonka Tech_438,http://wonkatech_438.net,wonkatech_438.co,Government,Insurance,50-200,$100M,DACH,,Risk,Referral,Board Secretary,Netsuite; Okta; Marketo,2,,85,2025-03-13,Test User,Wonka Holdings,B,1848597.0,Open,50-200,$100M,DACH,2025-03-13,wonkatech_438.net,"Netsuite, Okta, Marketo",1848597.0,Unassigned,85.0,24,25,16,8,73,Enterprise_Risk_Management,High
Omni Consumer Products_446,omniconsumerproducts_446.com,omniconsumerproducts_446.io,Manufacturing,NGO,1000+,$100M,,"Dublin, IE",Boards,Inbound,Director of Security,Marketo; Netsuite; Salesforce,4,HIPAA,32,"June 06, 2025",Test User,Omni Holdings,Tier 2,1474978.0,Won,1000+,$100M,Unknown,2025-06-06,omniconsumerproducts_446.com,"Marketo, Netsuite, Salesforce",1474978.0,Unassigned,32.0,37,17,6,13,73,Board_Governance,High
Black Mesa_448,blackmesa_448.co,blackmesa_448.co,Financial Services,Semiconductors,50-200,$5M,MDO,"New York, USA",Risk,Referral,Legal Counsel,SAP; Databricks; Azure AD; ServiceNow,1,"HIPAA, SOX",61,"January 23, 2025",Test User,,,1108915.0,Open,50-200,$5M,MEA,2025-01-23,blackmesa_448.co,"Sap, Databricks, Azure Ad, Servicenow",1108915.0,Unassigned,61.0,19,25,14,15,73,Enterprise_Risk_Management,High
Shinra Electric_458,shinraelectric_458.com,shinraelectric_458.com,Healthcare,Pharma,five hundred,5000000,DACH,"Austin, USA",Compliance,Inbound,Legal Counsel,Databricks; Pardot,4,ISO27001,92,01/05/25,Chen Wu,Private Equity HoldCo,Tier 3,1678104.0,Lost,"500-1,000",$5M,DACH,2025-01-05,shinraelectric_458.com,"Databricks, Pardot",1678104.0,Chen Wu,92.0,26,22,13,12,73,Mid_Market_Compliance,High
Initech_527,initech_527.net,initech_527.io,Legal,SaaS,"500-1,000",€20M,UKI,"San Francisco, USA",Compliance,Partner,VP Finance,Okta; Google Workspace; Slack; HubSpot,1,ISO27001,85,02/09/25,Chen Wu,,MM,1212073.0,Won,"500-1,000",$20M,UK & Ireland,2025-02-09,initech_527.net,"Okta, Google Workspace, Slack, Hubspot",1212073.0,Chen Wu,85.0,30,15,13,15,73,Mid_Market_Compliance,High
Tyrell Corp_611,tyrellcorp_611.net,tyrellcorp_611.io,Healthcare,NGO,"500-1,000",$5M,AMS,"London, UK",Boards,Event,Chief Risk Officer,Azure AD; O365; SFDC,3,ISO27001,85,"July 07, 2025",,Tyrell Holdings,Tier 2,1901734.0,Open,"500-1,000",$5M,Americas,2025-07-07,tyrellcorp_611.net,"Azure Ad, O365, Sfdc",1901734.0,Unassigned,85.0,26,20,17,10,73,Enterprise_Risk_Management,High
Hyperion Corp_758,hyperioncorp_758.io,hyperioncorp_758.com,Energy,Law Firm,500 to 1000,€20M,,Unknown,Compliance,Web,General Counsel,Netsuite | SAP | Okta,2,PCI DSS,,06/20/25,John Smith,—,MM,1877040.0,Open,500-1000,$20M,Unknown,2025-06-20,hyperioncorp_758.io,"Netsuite, Sap, Okta",1877040.0,John Smith,,30,22,6,15,73,Mid_Market_Compliance,High
Omni Consumer Products_786,omniconsumerproducts_786.co,omniconsumerproducts_786.net,Retail,Banking,"500-1,000",$1B,,"Paris, FR",Risk,Event,General Counsel,Azure AD | Slack | Eloqua | Databricks,0,PCI DSS,5,2025-03-27,Jane Doe,Omni Holdings,Enterprise,1308633.0,Open,"500-1,000",$1000M,Unknown,2025-03-27,omniconsumerproducts_786.co,"Azure Ad, Slack, Eloqua, Databricks",1308633.0,Jane Doe,5.0,30,25,8,10,73,Enterprise_Risk_Management,High
Pendragon Ltd_901,pendragonltd_901.io,pendragonltd_901.io,Manufacturing,Fin Serv,approx 800,USD 250M,APAC,Unknown,Boards,Purchased,IT Director,"Oracle, Google Workspace, Teams",3-4,PCI DSS,48,"March 30, 2025",TBD,Global Holdings Ltd,MM,1832021.0,Open,"500-1,000",$250M,APAC,2025-03-30,pendragonltd_901.io,"Oracle, Google Workspace, Teams",1832021.0,Unassigned,48.0,37,17,9,10,73,Board_Governance,High
Nakatomi Trading_908,nakatomitrading_908.co,nakatomitrading_908.co,Energy,Law Firm,five hundred,$1B,EMEA,"Munich, DE",Audit,Purchased,Head of Compliance,"Databricks, Okta",2,ISO27001,100,02/04/25,John Smith,—,Tier 2,1845432.0,Open,"500-1,000",$1000M,EMEA,2025-02-04,nakatomitrading_908.co,"Databricks, Okta",1845432.0,John Smith,100.0,37,8,13,15,73,Enterprise_Risk_Management,High
Genco Pura_930,gencopura_930.net,gencopura_930.com,Technology,Banking,five hundred,$100M,,"Dubai, AE",Risk,Purchased,CFO,"Okta, Azure AD, Slack, Snowflake",2,"HIPAA, PCI DSS",low,"July 24, 2025",Chen Wu,Private Equity HoldCo,C,1914334.0,Open,"500-1,000",$100M,Unknown,2025-07-24,gencopura_930.net,"Okta, Azure Ad, Slack, Snowflake",1914334.0,Chen Wu,,31,22,5,15,73,Enterprise_Risk_Management,High
Caprica Systems_35,https://www.http://capricasystems_35.com,capricasystems_35.co,Financial Services,NGO,"500-1,000",$1B,DACH,,Risk,Partner,Head of Compliance,"Slack, HubSpot, Salesforce",4,,48,2025-02-16,—,—,Tier 3,,Open,"500-1,000",$1000M,DACH,2025-02-16,http://capricasystems_35.com,"Slack, Hubspot, Salesforce",Missing,—,48.0,37,18,9,8,72,Enterprise_Risk_Management,High
Gekko & Co_92,gekkoco_92.net,gekkoco_92.net,Education,NGO,500 to 1000,USD 250M,MDO,"Dublin, IE",Compliance,Purchased,Director of Security,"Databricks, ServiceNow",8,"None, ISO27001, HIPAA",32,07/06/25,John Smith,Gekko Holdings,Tier 2,1111044.0,Open,500-1000,$250M,MEA,2025-07-06,gekkoco_92.net,"Databricks, Servicenow",1111044.0,John Smith,32.0,30,19,8,15,72,Board_Governance,High
Wonka Industries_113,wonkaindustries_113.net,wonkaindustries_113.com,Government,Utilities,500 to 1000,$1B,APAC,"Berlin, DE",Compliance,Web,Director of Security,Snowflake; HubSpot,3,"PCI DSS, HIPAA",5,2025-05-16,Jane Doe,Wonka Holdings,B,1308964.0,Open,500-1000,$1000M,APAC,2025-05-16,wonkaindustries_113.net,"Snowflake, Hubspot",1308964.0,Jane Doe,5.0,34,19,7,12,72,Board_Governance,High
Genco Pura_218,gencopura_218.co,gencopura_218.net,Technology,NGO,five hundred,5000000,APAC,Unknown,Compliance,Web,General Counsel,Salesforce; Snowflake,4,"PCI DSS, ISO27001, SOX",61,"February 09, 2025",Alex Lee,,Tier 3,,Lost,"500-1,000",$5M,APAC,2025-02-09,gencopura_218.co,"Salesforce, Snowflake",Missing,Alex Lee,61.0,23,22,12,15,72,Mid_Market_Compliance,High
Paper Street Co_252,paperstreetco_252.co,paperstreetco_252.co,Energy,SaaS,1000+,$1B,MDO,"New York, USA",Boards,Referral,Head of Compliance,"Workday, Teams",6,GDPR,medium,05/14/25,TBD,Global Holdings Ltd,B,1601499.0,Won,1000+,$1000M,MEA,2025-05-14,paperstreetco_252.co,"Workday, Teams",1601499.0,Unassigned,,40,13,6,13,72,Board_Governance,High
Goodman Group_358,goodmangroup_358.com,goodmangroup_358.com,Financial Services,Pharma,"500-1,000",5000000,Unknown,"Sydney, AU",Risk,Partner,VP Finance,ServiceNow; Oracle,6,ISO27001,85,2025-04-19,,Private Equity HoldCo,Tier 3,1527022.0,Lost,"500-1,000",$5M,Unknown,2025-04-19,goodmangroup_358.com,"Servicenow, Oracle",1527022.0,Unassigned,85.0,26,18,13,15,72,Enterprise_Risk_Management,High
Clampett Oil_400,clampettoil_400.io,clampettoil_400.net,Government,Financials,200-500,$100M,DACH,"Dubai, AE",Boards,Event,Board Secretary,Oracle; Snowflake; Google Workspace,6,PCI DSS,61,05/30/25,Priya Patel,—,Enterprise,1325873.0,Open,200-500,$100M,DACH,2025-05-30,clampettoil_400.io,"Oracle, Snowflake, Google Workspace",1325873.0,Priya Patel,61.0,29,20,13,10,72,Board_Governance,High
